"id","index","isAvailable","productName","price","picture","color","company","address","about","produced","amount"
"5b1e21d702486082e512dfa2","0","false","Subtouch","$265.69","http://placehold.it/32x32","green","MARTGO","613 Poplar Avenue, Alamo, Kentucky, 8667","Officia et dolor dolore eiusmod aute deserunt incididunt aliqua enim. Aliqua ea culpa mollit nisi reprehenderit sit adipisicing sit occaecat magna. Reprehenderit minim aliquip pariatur aliquip laboris minim adipisicing dolor.","Friday, July 28, 2017 10:40 AM","68"
"5b1e21d7060810ff8d08a786","1","true","Onto Matfax","$100.58","http://placehold.it/32x32","orange","ECLIPTO","854 Lafayette Walk, Dunnavant, New Jersey, 6820","Cupidatat magna pariatur nulla sit sint Lorem qui dolore quis. Sunt eiusmod exercitation veniam laboris ex ea qui incididunt sit elit id sunt sit. Officia proident fugiat ex non minim nisi magna mollit aliqua aliqua.","Monday, March 14, 2016 9:07 PM","36"
"5b1e21d787f1be0c08e5e67b","2","false","Fax-Tex","$230.71","http://placehold.it/32x32","orange","ENAUT","862 Garden Place, Hasty, Oregon, 5270","Lorem velit voluptate consequat nostrud nisi magna. Esse amet cupidatat cupidatat dolor ipsum cupidatat in ea id ullamco fugiat officia. Qui cupidatat reprehenderit sit id aliqua culpa enim reprehenderit dolor nostrud aliqua sunt reprehenderit amet.","Wednesday, December 14, 2016 9:57 AM","84"
"5b1e21d725795aff7de24345","3","false","Onto Matfax","$307.08","http://placehold.it/32x32","pink","MEDIOT","270 Conselyea Street, Bannock, Arkansas, 1657","Adipisicing aute adipisicing labore sint consequat nisi sit. Officia adipisicing magna cupidatat aute consectetur do. Mollit dolor aliquip laborum nostrud ut occaecat consectetur nisi amet ad aliqua.","Friday, August 25, 2017 7:25 PM","53"
"5b1e21d746761cdd75f34133","4","true","Alpha Donfix","$287.93","http://placehold.it/32x32","orange","QOT","482 Micieli Place, Emerald, Alabama, 7319","Magna dolor officia in incididunt aliqua cillum tempor eiusmod incididunt adipisicing. Ex Lorem excepteur velit reprehenderit magna voluptate proident fugiat cupidatat aute aliqua. Ex ex do culpa minim aute tempor.","Thursday, April 20, 2017 5:54 AM","87"
"5b1e21d7af0fb8d791d57821","5","false","Donjoyplus","$111.50","http://placehold.it/32x32","blue","UNQ","768 Highland Boulevard, Alleghenyville, Alaska, 5718","Elit veniam velit deserunt ea aliquip do minim velit cupidatat. Occaecat exercitation amet quis dolor ex reprehenderit cillum. Commodo eiusmod sit anim aliquip minim reprehenderit.","Monday, December 1, 2014 1:47 PM","70"
"5b1e21d7392743c7c790709a","6","false","Ventosoft","$167.30","http://placehold.it/32x32","orange","KANGLE","639 Brighton Court, Seymour, Michigan, 9800","Qui aliqua sit enim do reprehenderit aliqua quis minim in aliquip reprehenderit. Occaecat eu nulla pariatur velit consequat commodo eu. Est esse excepteur qui nostrud do veniam nisi nostrud consequat esse ex.","Wednesday, May 20, 2015 10:05 AM","14"
"5b1e21d7d1719bd0a6c86041","7","false","Scotstock","$188.78","http://placehold.it/32x32","pink","TOURMANIA","315 Lewis Avenue, Orin, Kansas, 5830","Do proident consectetur esse aliqua qui consequat aute velit ipsum nulla. Tempor enim nulla veniam ad commodo veniam amet quis esse veniam ex eiusmod ad. Proident reprehenderit veniam labore sunt dolore.","Thursday, May 22, 2014 6:41 PM","13"
"5b1e21d7113e0bc79f7a30e7","8","false","Physzumtech","$179.26","http://placehold.it/32x32","orange","ASSISTIA","263 Vanderveer Place, Enetai, Delaware, 7255","Commodo excepteur id pariatur consectetur eiusmod irure ullamco labore commodo sit consectetur. Excepteur ullamco tempor ea tempor est dolor velit proident dolore eu. Ex veniam proident ut eu aute dolore velit laboris deserunt proident nulla qui.","Friday, August 18, 2017 8:23 PM","19"
"5b1e21d7742efe4a9726a1a8","9","false","Phys Job","$163.18","http://placehold.it/32x32","blue","ATGEN","339 Revere Place, Tooleville, Marshall Islands, 8445","Velit adipisicing mollit magna consequat aute nisi commodo proident exercitation dolor anim. Sint culpa laborum labore officia ex proident tempor amet. Sit ullamco aliqua dolor est eu exercitation ut dolore ipsum in mollit.","Sunday, January 7, 2018 4:44 AM","2"
"5b1e21d70c66a27b4b5f3aa2","10","false","Bioin","$354.52","http://placehold.it/32x32","white","AEORA","584 Friel Place, Nile, Puerto Rico, 1125","Magna quis sint adipisicing qui incididunt exercitation veniam minim dolor mollit sit. Sint incididunt ad cupidatat veniam Lorem aliqua laborum consequat reprehenderit nostrud Lorem. Nostrud Lorem dolore non ullamco.","Sunday, October 23, 2016 4:15 PM","41"
"5b1e21d7b6892921ade92f2e","11","true","Dantax","$353.74","http://placehold.it/32x32","pink","NORSUL","545 Jewel Street, Gilmore, Tennessee, 6399","Do dolor aliqua sit consectetur sint sit dolore laborum. Laborum deserunt officia ipsum duis in non velit aute deserunt. Sint aliquip minim excepteur nulla sint labore sunt qui amet do dolore.","Friday, May 18, 2018 7:25 PM","52"
"5b1e21d70c0125119bcdff71","12","false","Sanlax","$191.23","http://placehold.it/32x32","brown","NETUR","196 Raleigh Place, Martinsville, Wisconsin, 5502","Qui cupidatat exercitation sint ut consectetur dolore consequat. Mollit commodo id consequat quis consequat irure officia ea. Ex aliqua duis nisi elit deserunt do incididunt sint fugiat labore laborum.","Friday, March 6, 2015 3:41 PM","50"
"5b1e21d7e5a9a4ee2ae5c05b","13","true","Fax-Tex","$344.40","http://placehold.it/32x32","green","EMTRAC","791 Etna Street, Cashtown, Washington, 146","Est consectetur reprehenderit veniam voluptate esse pariatur. Ea qui labore do pariatur ullamco culpa nulla ut deserunt enim ullamco. Amet veniam anim sint nulla reprehenderit aliqua dolor occaecat.","Monday, June 5, 2017 10:39 PM","26"
"5b1e21d7345910bb50c5103f","14","false","Dantax","$270.50","http://placehold.it/32x32","white","NETILITY","917 Amboy Street, Ferney, District Of Columbia, 6380","Veniam anim nisi irure duis adipisicing amet in et enim et. Enim dolor anim ad proident eiusmod exercitation nostrud sit qui deserunt ea laboris qui. Consequat ad esse consequat nulla occaecat ea.","Thursday, April 10, 2014 2:07 AM","60"
"5b1e21d75148810c3bc07c60","15","false","Phys Job","$359.44","http://placehold.it/32x32","brown","BLURRYBUS","659 Melrose Street, Tyhee, New York, 6895","Excepteur laborum cupidatat ut elit cillum occaecat excepteur ad adipisicing irure cillum in. Amet est aute dolor deserunt occaecat commodo eu. Esse dolor fugiat sunt irure est duis elit reprehenderit amet nulla.","Friday, February 5, 2016 5:59 AM","87"
"5b1e21d7457277be059aba0a","16","false","Silverbam","$193.02","http://placehold.it/32x32","pink","ICOLOGY","982 Jackson Court, Strykersville, Federated States Of Micronesia, 8031","Ipsum aliqua consequat Lorem nisi occaecat fugiat consequat laborum pariatur. Id do voluptate sint enim duis dolore. Laboris amet culpa incididunt elit exercitation esse nisi amet et eu adipisicing sint.","Friday, April 15, 2016 9:19 AM","75"
"5b1e21d79aed95f8fdc0ba47","17","false","Biocof","$388.85","http://placehold.it/32x32","pink","NORALEX","970 Prospect Street, Bartley, Minnesota, 5858","Ea culpa et aute labore labore sit adipisicing proident tempor. Mollit enim magna velit nostrud qui aute officia aliquip. Proident ullamco consectetur elit minim.","Wednesday, May 11, 2016 8:50 PM","77"
"5b1e21d757a542e0b53c9a04","18","true","Sanlax","$125.71","http://placehold.it/32x32","brown","BRISTO","121 Tilden Avenue, Canoochee, South Dakota, 7298","Minim aliquip est reprehenderit ad anim in anim quis ex. Occaecat nulla sunt velit duis et cupidatat enim proident anim eu consequat minim ad sint. Proident mollit Lorem nulla enim sunt qui non amet est.","Sunday, January 18, 2015 9:03 AM","41"
"5b1e21d73a749379d3f4769e","19","false","Via Quading","$358.45","http://placehold.it/32x32","red","ACCUFARM","250 Tapscott Street, Joes, Ohio, 751","Est do sint mollit nulla amet fugiat enim dolore elit. Aute aliqua aute veniam ex non ut. Nulla adipisicing occaecat velit aliquip ea consequat enim aliquip occaecat non ad deserunt mollit exercitation.","Sunday, March 11, 2018 9:32 AM","39"
